buffer_size, mean, sd
1000, 0.003303, 0.000137395
10000, 0.00387, 0.000147747
100000, 0.008571, 0.000336964
100000, 0.008169, 0.000350187
